source,target,relation
m161,p1,촬영장소
m160,p2,촬영장소
m159,p3,촬영장소
m159,p4,촬영장소
m159,p5,촬영장소
m159,p6,촬영장소
m159,p7,촬영장소
m159,p8,촬영장소
m159,p9,촬영장소
m159,p10,촬영장소
m158,p11,촬영장소
m158,p12,촬영장소
m158,p13,촬영장소
m158,p14,촬영장소
m157,p15,촬영장소
m157,p16,촬영장소
m157,p17,촬영장소
m156,p18,촬영장소
m156,p9,촬영장소
m156,p19,촬영장소
m156,p20,촬영장소
m156,p21,촬영장소
m156,p16,촬영장소
m155,p22,촬영장소
m155,p23,촬영장소
m155,p24,촬영장소
m154,p25,촬영장소
m154,p26,촬영장소
m154,p19,촬영장소
m153,p27,촬영장소
m152,p28,촬영장소
m152,p29,촬영장소
m152,p30,촬영장소
m152,p31,촬영장소
m152,p32,촬영장소
m152,p33,촬영장소
m152,p34,촬영장소
m152,p35,촬영장소
m152,p36,촬영장소
m152,p37,촬영장소
m152,p38,촬영장소
m152,p39,촬영장소
m152,p40,촬영장소
m151,p41,촬영장소
m150,p42,촬영장소
m150,p43,촬영장소
m150,p44,촬영장소
m150,p45,촬영장소
m150,p46,촬영장소
m150,p7,촬영장소
m150,p47,촬영장소
m150,p35,촬영장소
m150,p48,촬영장소
m149,p49,촬영장소
m149,p50,촬영장소
m149,p51,촬영장소
m148,p23,촬영장소
m147,p52,촬영장소
m147,p53,촬영장소
m146,p23,촬영장소
m145,p54,촬영장소
m145,p23,촬영장소
m145,p55,촬영장소
m143,p56,촬영장소
m143,p57,촬영장소
m143,p58,촬영장소
m143,p59,촬영장소
m143,p46,촬영장소
m143,p60,촬영장소
m143,p35,촬영장소
m142,p61,촬영장소
m142,p62,촬영장소
m142,p63,촬영장소
m141,p64,촬영장소
m141,p65,촬영장소
m141,p66,촬영장소
m141,p67,촬영장소
m141,p68,촬영장소
m140,p69,촬영장소
m139,p70,촬영장소
m138,p71,촬영장소
m138,p72,촬영장소
m137,p73,촬영장소
m136,p74,촬영장소
m136,p75,촬영장소
m136,p7,촬영장소
m136,p35,촬영장소
m136,p76,촬영장소
m135,p77,촬영장소
m135,p78,촬영장소
m135,p79,촬영장소
m135,p80,촬영장소
m135,p81,촬영장소
m134,p59,촬영장소
m134,p82,촬영장소
m134,p29,촬영장소
m134,p83,촬영장소
m134,p84,촬영장소
m134,p85,촬영장소
m133,p86,촬영장소
m133,p87,촬영장소
m132,p88,촬영장소
m132,p89,촬영장소
m131,p90,촬영장소
m131,p91,촬영장소
m130,p92,촬영장소
m130,p37,촬영장소
m129,p93,촬영장소
m129,p59,촬영장소
m127,p88,촬영장소
m127,p94,촬영장소
m127,p4,촬영장소
m127,p95,촬영장소
m127,p18,촬영장소
m127,p9,촬영장소
m127,p96,촬영장소
m127,p97,촬영장소
m128,p84,촬영장소
m128,p31,촬영장소
m128,p98,촬영장소
m128,p99,촬영장소
m128,p100,촬영장소
m126,p101,촬영장소
m126,p102,촬영장소
m126,p103,촬영장소
m126,p74,촬영장소
m126,p104,촬영장소
m126,p105,촬영장소
m126,p92,촬영장소
m126,p37,촬영장소
m125,p106,촬영장소
m125,p107,촬영장소
m125,p108,촬영장소
m125,p109,촬영장소
m125,p110,촬영장소
m125,p92,촬영장소
m125,p111,촬영장소
m1,p112,촬영장소
m1,p113,촬영장소
m1,p114,촬영장소
m1,p115,촬영장소
m1,p116,촬영장소
m2,p117,촬영장소
m2,p118,촬영장소
m2,p119,촬영장소
m2,p120,촬영장소
m2,p121,촬영장소
m2,p122,촬영장소
m2,p123,촬영장소
m2,p124,촬영장소
m2,p125,촬영장소
m2,p126,촬영장소
m2,p127,촬영장소
m2,p128,촬영장소
m2,p129,촬영장소
m3,p130,촬영장소
m4,p131,촬영장소
m5,p132,촬영장소
m5,p133,촬영장소
m5,p112,촬영장소
m5,p134,촬영장소
m5,p74,촬영장소
m5,p135,촬영장소
m5,p136,촬영장소
m5,p137,촬영장소
m6,p138,촬영장소
m6,p139,촬영장소
m6,p140,촬영장소
m6,p123,촬영장소
m6,p141,촬영장소
m6,p9,촬영장소
m7,p142,촬영장소
m7,p143,촬영장소
m7,p144,촬영장소
m7,p145,촬영장소
m7,p146,촬영장소
m7,p147,촬영장소
m7,p148,촬영장소
m7,p149,촬영장소
m7,p150,촬영장소
m7,p151,촬영장소
m7,p123,촬영장소
m7,p152,촬영장소
m7,p153,촬영장소
m7,p154,촬영장소
m7,p155,촬영장소
m7,p156,촬영장소
m7,p157,촬영장소
m7,p158,촬영장소
m7,p159,촬영장소
m7,p160,촬영장소
m7,p161,촬영장소
m7,p162,촬영장소
m7,p163,촬영장소
m8,p164,촬영장소
m8,p165,촬영장소
m8,p74,촬영장소
m8,p166,촬영장소
m8,p167,촬영장소
m8,p168,촬영장소
m9,p164,촬영장소
m9,p169,촬영장소
m9,p170,촬영장소
m9,p171,촬영장소
m9,p172,촬영장소
m9,p173,촬영장소
m9,p85,촬영장소
m9,p174,촬영장소
m10,p175,촬영장소
m10,p176,촬영장소
m10,p177,촬영장소
m10,p178,촬영장소
m10,p9,촬영장소
m10,p179,촬영장소
m11,p180,촬영장소
m11,p181,촬영장소
m11,p113,촬영장소
m11,p182,촬영장소
m11,p183,촬영장소
m12,p74,촬영장소
m12,p104,촬영장소
m13,p184,촬영장소
m13,p185,촬영장소
m13,p186,촬영장소
m13,p187,촬영장소
m13,p188,촬영장소
m13,p189,촬영장소
m13,p190,촬영장소
m14,p191,촬영장소
m14,p192,촬영장소
m14,p193,촬영장소
m14,p194,촬영장소
m14,p113,촬영장소
m14,p195,촬영장소
m14,p196,촬영장소
m14,p197,촬영장소
m15,p198,촬영장소
m15,p123,촬영장소
m16,p199,촬영장소
m16,p200,촬영장소
m16,p201,촬영장소
m16,p202,촬영장소
m16,p203,촬영장소
m16,p166,촬영장소
m16,p126,촬영장소
m16,p204,촬영장소
m16,p205,촬영장소
m16,p206,촬영장소
m16,p207,촬영장소
m17,p208,촬영장소
m17,p209,촬영장소
m17,p191,촬영장소
m17,p210,촬영장소
m17,p211,촬영장소
m17,p212,촬영장소
m17,p213,촬영장소
m17,p214,촬영장소
m17,p215,촬영장소
m17,p216,촬영장소
m17,p217,촬영장소
m17,p218,촬영장소
m17,p126,촬영장소
m17,p219,촬영장소
m17,p220,촬영장소
m17,p221,촬영장소
m18,p222,촬영장소
m19,p223,촬영장소
m19,p224,촬영장소
m19,p225,촬영장소
m20,p226,촬영장소
m20,p112,촬영장소
m20,p227,촬영장소
m20,p123,촬영장소
m20,p228,촬영장소
m20,p126,촬영장소
m22,p229,촬영장소
m21,p230,촬영장소
m21,p231,촬영장소
m21,p191,촬영장소
m23,p232,촬영장소
m24,p143,촬영장소
m24,p191,촬영장소
m24,p233,촬영장소
m24,p211,촬영장소
m24,p186,촬영장소
m24,p234,촬영장소
m24,p195,촬영장소
m24,p235,촬영장소
m24,p123,촬영장소
m24,p217,촬영장소
m24,p236,촬영장소
m24,p189,촬영장소
m24,p218,촬영장소
m24,p237,촬영장소
m24,p238,촬영장소
m24,p239,촬영장소
m24,p240,촬영장소
m24,p241,촬영장소
m24,p190,촬영장소
m25,p242,촬영장소
m25,p243,촬영장소
m25,p172,촬영장소
m25,p244,촬영장소
m25,p122,촬영장소
m25,p74,촬영장소
m25,p245,촬영장소
m25,p246,촬영장소
m25,p104,촬영장소
m25,p247,촬영장소
m26,p248,촬영장소
m26,p249,촬영장소
m26,p112,촬영장소
m26,p123,촬영장소
m26,p250,촬영장소
m26,p251,촬영장소
m27,p252,촬영장소
m27,p253,촬영장소
m27,p254,촬영장소
m27,p239,촬영장소
m28,p191,촬영장소
m28,p139,촬영장소
m28,p223,촬영장소
m28,p255,촬영장소
m28,p212,촬영장소
m28,p256,촬영장소
m28,p257,촬영장소
m28,p258,촬영장소
m28,p259,촬영장소
m28,p260,촬영장소
m28,p261,촬영장소
m28,p262,촬영장소
m28,p189,촬영장소
m28,p263,촬영장소
m28,p264,촬영장소
m29,p143,촬영장소
m29,p265,촬영장소
m29,p120,촬영장소
m29,p266,촬영장소
m30,p267,촬영장소
m30,p268,촬영장소
m30,p269,촬영장소
m30,p104,촬영장소
m30,p197,촬영장소
m31,p270,촬영장소
m31,p271,촬영장소
m32,p220,촬영장소
m33,p272,촬영장소
m33,p273,촬영장소
m33,p274,촬영장소
m33,p126,촬영장소
m34,p275,촬영장소
m34,p123,촬영장소
m35,p276,촬영장소
m35,p277,촬영장소
m36,p278,촬영장소
m36,p279,촬영장소
m36,p280,촬영장소
m36,p224,촬영장소
m36,p281,촬영장소
m36,p282,촬영장소
m36,p283,촬영장소
m36,p284,촬영장소
m37,p285,촬영장소
m37,p286,촬영장소
m37,p276,촬영장소
m37,p287,촬영장소
m38,p173,촬영장소
m38,p253,촬영장소
m38,p288,촬영장소
m38,p190,촬영장소
m39,p289,촬영장소
m39,p290,촬영장소
m39,p291,촬영장소
m39,p202,촬영장소
m39,p217,촬영장소
m39,p292,촬영장소
m39,p293,촬영장소
m39,p16,촬영장소
m39,p294,촬영장소
m40,p295,촬영장소
m41,p296,촬영장소
m41,p297,촬영장소
m41,p298,촬영장소
m41,p282,촬영장소
m43,p182,촬영장소
m42,p299,촬영장소
m44,p4,촬영장소
m46,p123,촬영장소
m45,p217,촬영장소
m45,p300,촬영장소
m47,p197,촬영장소
m48,p301,촬영장소
m48,p302,촬영장소
m49,p261,촬영장소
m50,p303,촬영장소
m51,p304,촬영장소
m52,p143,촬영장소
m52,p305,촬영장소
m53,p126,촬영장소
m54,p123,촬영장소
m55,p306,촬영장소
m56,p307,촬영장소
m57,p308,촬영장소
m58,p309,촬영장소
m59,p218,촬영장소
m60,p310,촬영장소
m61,p74,촬영장소
m62,p311,촬영장소
m63,p255,촬영장소
m64,p312,촬영장소
m65,p313,촬영장소
m65,p314,촬영장소
m66,p172,촬영장소
m67,p211,촬영장소
m68,p315,촬영장소
m69,p316,촬영장소
m70,p317,촬영장소
m71,p318,촬영장소
m72,p319,촬영장소
m73,p182,촬영장소
m74,p320,촬영장소
m74,p120,촬영장소
m75,p321,촬영장소
m76,p322,촬영장소
m76,p323,촬영장소
m76,p324,촬영장소
m77,p325,촬영장소
m77,p326,촬영장소
m78,p327,촬영장소
m79,p328,촬영장소
m80,p329,촬영장소
m81,p143,촬영장소
m81,p330,촬영장소
m82,p331,촬영장소
m162,p313,촬영장소
m162,p44,촬영장소
m162,p284,촬영장소
m124,p332,촬영장소
m124,p333,촬영장소
m124,p334,촬영장소
m124,p335,촬영장소
m124,p336,촬영장소
m124,p337,촬영장소
m124,p338,촬영장소
m124,p339,촬영장소
m124,p340,촬영장소
m124,p341,촬영장소
m124,p342,촬영장소
m124,p343,촬영장소
m124,p344,촬영장소
m124,p345,촬영장소
m123,p346,촬영장소
m123,p347,촬영장소
m123,p348,촬영장소
m123,p349,촬영장소
m123,p350,촬영장소
m123,p351,촬영장소
m122,p352,촬영장소
m121,p353,촬영장소
m121,p354,촬영장소
m121,p355,촬영장소
m121,p356,촬영장소
m121,p357,촬영장소
m121,p358,촬영장소
m121,p359,촬영장소
m121,p360,촬영장소
m120,p361,촬영장소
m119,p362,촬영장소
m119,p363,촬영장소
m119,p349,촬영장소
m119,p364,촬영장소
m119,p365,촬영장소
m118,p332,촬영장소
m118,p366,촬영장소
m118,p367,촬영장소
m118,p368,촬영장소
m118,p369,촬영장소
m118,p370,촬영장소
m118,p359,촬영장소
m118,p371,촬영장소
m118,p372,촬영장소
m118,p373,촬영장소
m118,p374,촬영장소
m118,p375,촬영장소
m118,p376,촬영장소
m118,p344,촬영장소
m118,p377,촬영장소
m118,p378,촬영장소
m118,p379,촬영장소
m118,p380,촬영장소
m117,p381,촬영장소
m117,p382,촬영장소
m117,p364,촬영장소
m117,p383,촬영장소
m117,p384,촬영장소
m116,p335,촬영장소
m116,p355,촬영장소
m115,p372,촬영장소
m115,p374,촬영장소
m114,p385,촬영장소
m114,p355,촬영장소
m113,p372,촬영장소
m113,p355,촬영장소
m113,p386,촬영장소
m112,p387,촬영장소
m112,p388,촬영장소
m112,p389,촬영장소
m112,p390,촬영장소
m112,p391,촬영장소
m112,p392,촬영장소
m112,p393,촬영장소
m111,p364,촬영장소
m110,p364,촬영장소
m110,p367,촬영장소
m110,p394,촬영장소
m110,p395,촬영장소
m110,p374,촬영장소
m110,p355,촬영장소
m110,p396,촬영장소
m110,p386,촬영장소
m110,p375,촬영장소
m110,p397,촬영장소
m110,p398,촬영장소
m109,p399,촬영장소
m109,p400,촬영장소
m109,p401,촬영장소
m109,p402,촬영장소
m109,p403,촬영장소
m109,p404,촬영장소
m109,p405,촬영장소
m109,p406,촬영장소
m109,p407,촬영장소
m109,p408,촬영장소
m109,p355,촬영장소
m109,p342,촬영장소
m109,p409,촬영장소
m109,p410,촬영장소
m109,p411,촬영장소
m107,p355,촬영장소
m107,p350,촬영장소
m107,p412,촬영장소
m108,p413,촬영장소
m108,p414,촬영장소
m108,p415,촬영장소
m108,p416,촬영장소
m106,p334,촬영장소
m106,p417,촬영장소
m106,p362,촬영장소
m106,p418,촬영장소
m106,p419,촬영장소
m106,p420,촬영장소
m106,p421,촬영장소
m106,p422,촬영장소
m106,p423,촬영장소
m105,p424,촬영장소
m105,p425,촬영장소
m105,p426,촬영장소
m105,p390,촬영장소
m105,p355,촬영장소
m105,p427,촬영장소
m105,p358,촬영장소
m105,p428,촬영장소
m104,p416,촬영장소
m104,p429,촬영장소
m104,p430,촬영장소
m104,p431,촬영장소
m104,p432,촬영장소
m104,p335,촬영장소
m104,p433,촬영장소
m104,p434,촬영장소
m104,p424,촬영장소
m104,p435,촬영장소
m103,p436,촬영장소
m103,p435,촬영장소
m103,p437,촬영장소
m103,p438,촬영장소
m103,p364,촬영장소
m103,p439,촬영장소
m103,p440,촬영장소
m103,p441,촬영장소
m102,p442,촬영장소
m102,p417,촬영장소
m102,p443,촬영장소
m102,p379,촬영장소
m101,p355,촬영장소
m100,p444,촬영장소
m100,p445,촬영장소
m100,p446,촬영장소
m100,p447,촬영장소
m100,p362,촬영장소
m100,p448,촬영장소
m100,p449,촬영장소
m100,p361,촬영장소
m100,p355,촬영장소
m100,p450,촬영장소
m100,p451,촬영장소
m100,p452,촬영장소
m100,p424,촬영장소
m100,p453,촬영장소
m99,p452,촬영장소
m99,p454,촬영장소
m99,p455,촬영장소
m99,p456,촬영장소
m99,p457,촬영장소
m99,p458,촬영장소
m99,p384,촬영장소
m99,p459,촬영장소
m99,p460,촬영장소
m98,p350,촬영장소
m98,p336,촬영장소
m98,p420,촬영장소
m98,p461,촬영장소
m98,p390,촬영장소
m98,p449,촬영장소
m98,p349,촬영장소
m98,p462,촬영장소
m98,p463,촬영장소
m97,p464,촬영장소
m96,p355,촬영장소
m95,p465,촬영장소
m95,p466,촬영장소
m95,p467,촬영장소
m94,p468,촬영장소
m94,p469,촬영장소
m94,p470,촬영장소
m93,p471,촬영장소
m93,p366,촬영장소
m93,p340,촬영장소
m93,p375,촬영장소
m93,p472,촬영장소
m93,p473,촬영장소
m93,p474,촬영장소
m92,p475,촬영장소
m91,p476,촬영장소
m91,p477,촬영장소
m91,p478,촬영장소
m91,p479,촬영장소
m91,p431,촬영장소
m91,p480,촬영장소
m90,p336,촬영장소
m90,p377,촬영장소
m90,p481,촬영장소
m90,p398,촬영장소
m90,p461,촬영장소
m90,p482,촬영장소
m90,p483,촬영장소
m90,p484,촬영장소
m89,p485,촬영장소
m87,p364,촬영장소
m87,p468,촬영장소
m87,p378,촬영장소
m87,p355,촬영장소
m86,p364,촬영장소
m86,p486,촬영장소
m86,p355,촬영장소
m86,p350,촬영장소
m86,p388,촬영장소
m85,p474,촬영장소
m85,p487,촬영장소
m85,p479,촬영장소
m85,p488,촬영장소
m85,p489,촬영장소
m85,p390,촬영장소
m85,p490,촬영장소
m85,p491,촬영장소
m85,p471,촬영장소
m85,p492,촬영장소
m85,p493,촬영장소
m85,p494,촬영장소
m85,p477,촬영장소
m85,p495,촬영장소
m85,p496,촬영장소
m85,p497,촬영장소
m85,p355,촬영장소
m85,p498,촬영장소
m85,p452,촬영장소
m85,p365,촬영장소
m85,p391,촬영장소
m85,p499,촬영장소
m85,p378,촬영장소
m85,p500,촬영장소
m83,p430,촬영장소
m83,p364,촬영장소
m83,p501,촬영장소
m83,p502,촬영장소
m83,p503,촬영장소
m83,p504,촬영장소
m83,p435,촬영장소
m83,p505,촬영장소
m83,p426,촬영장소
m83,p506,촬영장소
m83,p336,촬영장소
m83,p384,촬영장소
m83,p507,촬영장소
m83,p437,촬영장소
m83,p355,촬영장소
m83,p508,촬영장소
m83,p421,촬영장소
m83,p509,촬영장소
m1,per1,출연
m1,per2,출연
m1,per3,출연
m1,per4,출연
m1,per5,출연
m1,per6,출연
m2,per7,출연
m2,per8,출연
m2,per9,출연
m2,per10,출연
m2,per11,출연
m3,per12,출연
m3,per13,출연
m3,per14,출연
m3,per15,출연
m4,per16,출연
m4,per17,출연
m4,per18,출연
m4,per19,출연
m5,per20,출연
m5,per21,출연
m5,per22,출연
m5,per23,출연
m5,per24,출연
m6,per25,출연
m6,per26,출연
m6,per27,출연
m6,per28,출연
m6,per29,출연
m7,per30,출연
m7,per31,출연
m7,per32,출연
m7,per33,출연
m8,per34,출연
m8,per35,출연
m8,per36,출연
m8,per37,출연
m8,per38,출연
m9,per39,출연
m9,per40,출연
m9,per41,출연
m9,per42,출연
m10,per43,출연
m10,per44,출연
m10,per1,출연
m10,per45,출연
m10,per46,출연
m11,per47,출연
m11,per48,출연
m11,per49,출연
m11,per50,출연
m11,per51,출연
m12,per3,출연
m12,per52,출연
m12,per53,출연
m12,per54,출연
m13,per55,출연
m13,per56,출연
m13,per57,출연
m13,per58,출연
m14,per59,출연
m14,per60,출연
m14,per6,출연
m14,per61,출연
m15,per62,출연
m15,per63,출연
m15,per64,출연
m15,per65,출연
m15,per66,출연
m16,per67,출연
m16,per68,출연
m16,per69,출연
m16,per70,출연
m16,per71,출연
m17,per72,출연
m17,per73,출연
m17,per74,출연
m17,per75,출연
m18,per76,출연
m18,per77,출연
m18,per54,출연
m18,per78,출연
m19,per79,출연
m19,per80,출연
m19,per81,출연
m19,per82,출연
m19,per83,출연
m20,per84,출연
m20,per85,출연
m20,per86,출연
m20,per87,출연
m21,per88,출연
m21,per89,출연
m21,per90,출연
m21,per91,출연
m21,per92,출연
m22,per34,출연
m22,per93,출연
m22,per63,출연
m22,per94,출연
m22,per95,출연
m23,per96,출연
m23,per97,출연
m23,per98,출연
m23,per37,출연
m23,per99,출연
m24,per100,출연
m24,per101,출연
m24,per102,출연
m24,per89,출연
m24,per103,출연
m24,per104,출연
m24,per105,출연
m25,per106,출연
m25,per107,출연
m25,per108,출연
m25,per38,출연
m26,per109,출연
m26,per101,출연
m26,per110,출연
m26,per90,출연
m26,per111,출연
m27,per79,출연
m27,per60,출연
m27,per112,출연
m27,per113,출연
m27,per114,출연
m28,per115,출연
m28,per116,출연
m28,per7,출연
m28,per75,출연
m28,per54,출연
m29,per117,출연
m29,per118,출연
m29,per119,출연
m29,per90,출연
m29,per120,출연
m30,per121,출연
m30,per122,출연
m30,per95,출연
m30,per123,출연
m30,per124,출연
m31,per125,출연
m31,per5,출연
m31,per126,출연
m31,per4,출연
m31,per127,출연
m31,per128,출연
m32,per129,출연
m32,per130,출연
m32,per131,출연
m32,per132,출연
m33,per133,출연
m33,per134,출연
m33,per135,출연
m33,per136,출연
m34,per137,출연
m34,per28,출연
m34,per54,출연
m34,per138,출연
m34,per139,출연
m35,per140,출연
m35,per141,출연
m35,per4,출연
m35,per142,출연
m35,per143,출연
m35,per144,출연
m36,per145,출연
m36,per146,출연
m36,per147,출연
m37,per148,출연
m37,per5,출연
m37,per149,출연
m37,per150,출연
m38,per151,출연
m38,per152,출연
m38,per153,출연
m38,per154,출연
m38,per155,출연
m39,per156,출연
m39,per157,출연
m39,per3,출연
m39,per130,출연
m39,per158,출연
m39,per159,출연
m40,per140,출연
m40,per98,출연
m40,per160,출연
m40,per161,출연
m40,per71,출연
m41,per34,출연
m41,per162,출연
m41,per163,출연
m41,per164,출연
m41,per165,출연
m41,per166,출연
m42,per167,출연
m42,per168,출연
m42,per169,출연
m43,per148,출연
m43,per48,출연
m43,per170,출연
m44,per171,출연
m44,per172,출연
m44,per173,출연
m45,per1,출연
m45,per174,출연
m45,per175,출연
m45,per143,출연
m46,per118,출연
m46,per176,출연
m46,per177,출연
m47,per140,출연
m47,per89,출연
m47,per114,출연
m47,per178,출연
m48,per179,출연
m48,per148,출연
m48,per75,출연
m48,per143,출연
m48,per180,출연
m49,per79,출연
m49,per141,출연
m49,per93,출연
m50,per101,출연
m50,per181,출연
m50,per182,출연
m50,per183,출연
m51,per109,출연
m51,per184,출연
m51,per185,출연
m51,per186,출연
m52,per5,출연
m52,per2,출연
m52,per187,출연
m52,per188,출연
m52,per189,출연
m53,per109,출연
m53,per190,출연
m53,per62,출연
m53,per191,출연
m53,per4,출연
m54,per192,출연
m54,per104,출연
m54,per193,출연
m54,per180,출연
m55,per194,출연
m55,per92,출연
m55,per14,출연
m55,per195,출연
m56,per187,출연
m56,per179,출연
m56,per140,출연
m56,per196,출연
m57,per140,출연
m57,per197,출연
m57,per198,출연
m57,per37,출연
m58,per89,출연
m58,per199,출연
m58,per127,출연
m59,per200,출연
m59,per145,출연
m59,per201,출연
m59,per202,출연
m60,per203,출연
m60,per94,출연
m60,per204,출연
m60,per205,출연
m61,per100,출연
m61,per14,출연
m61,per206,출연
m62,per207,출연
m62,per128,출연
m62,per208,출연
m63,per167,출연
m63,per209,출연
m63,per93,출연
m64,per168,출연
m64,per210,출연
m65,per34,출연
m65,per107,출연
m65,per35,출연
m65,per211,출연
m66,per212,출연
m66,per48,출연
m66,per149,출연
m66,per213,출연
m67,per59,출연
m67,per77,출연
m67,per116,출연
m67,per196,출연
m68,per118,출연
m68,per160,출연
m68,per214,출연
m69,per103,출연
m69,per196,출연
m69,per215,출연
m70,per216,출연
m70,per217,출연
m70,per218,출연
m71,per148,출연
m71,per125,출연
m71,per219,출연
m71,per75,출연
m72,per220,출연
m72,per162,출연
m72,per180,출연
m72,per186,출연
m72,per4,출연
m73,per221,출연
m73,per169,출연
m73,per222,출연
m73,per223,출연
m74,per122,출연
m74,per224,출연
m74,per225,출연
m74,per226,출연
m75,per100,출연
m75,per221,출연
m75,per37,출연
m75,per227,출연
m76,per140,출연
m76,per47,출연
m76,per35,출연
m76,per77,출연
m77,per208,출연
m77,per228,출연
m77,per116,출연
m77,per229,출연
m78,per230,출연
m78,per5,출연
m78,per231,출연
m78,per232,출연
m78,per233,출연
m79,per109,출연
m79,per35,출연
m79,per234,출연
m80,per199,출연
m80,per235,출연
m80,per196,출연
m81,per64,출연
m81,per143,출연
m81,per209,출연
m81,per236,출연
m82,per237,출연
m82,per14,출연
m82,per238,출연
m83,per34,출연
m83,per239,출연
m83,per181,출연
m84,per143,출연
m84,per240,출연
m84,per205,출연
m85,per5,출연
m85,per217,출연
m86,per140,출연
m86,per219,출연
m86,per75,출연
m86,per217,출연
m87,per232,출연
m87,per94,출연
m88,per241,출연
m88,per242,출연
m88,per218,출연
m89,per203,출연
m89,per243,출연
m89,per244,출연
m90,per126,출연
m90,per245,출연
m91,per219,출연
m91,per63,출연
m91,per240,출연
m91,per246,출연
m92,per247,출연
m92,per248,출연
m92,per249,출연
m93,per250,출연
m93,per251,출연
m93,per252,출연
m94,per5,출연
m94,per148,출연
m94,per4,출연
m94,per253,출연
m95,per148,출연
m95,per16,출연
m95,per217,출연
m95,per8,출연
m96,per254,출연
m96,per180,출연
m97,per255,출연
m97,per12,출연
m97,per256,출연
m98,per88,출연
m98,per94,출연
m99,per129,출연
m99,per193,출연
m100,per118,출연
m100,per109,출연
m100,per48,출연
m100,per257,출연
m101,per34,출연
m101,per258,출연
m101,per4,출연
m102,per259,출연
m102,per242,출연
m102,per219,출연
m103,per100,출연
m103,per211,출연
m104,per219,출연
m104,per75,출연
m104,per235,출연
m105,per64,출연
m105,per170,출연
m105,per71,출연
m106,per210,출연
m106,per100,출연
m106,per260,출연
m107,per255,출연
m107,per4,출연
m107,per261,출연
m108,per262,출연
m108,per254,출연
m108,per256,출연
m108,per263,출연
m109,per5,출연
m109,per264,출연
m109,per265,출연
m110,per266,출연
m110,per267,출연
m110,per77,출연
m111,per14,출연
m111,per268,출연
m112,per254,출연
m112,per140,출연
m112,per217,출연
m112,per180,출연
m113,per212,출연
m113,per204,출연
m113,per143,출연
m114,per193,출연
m114,per235,출연
m115,per168,출연
m115,per212,출연
m116,per140,출연
m116,per125,출연
m117,per219,출연
m117,per269,출연
m118,per222,출연
m118,per270,출연
m119,per271,출연
m119,per1,출연
m119,per3,출연
m120,per272,출연
m120,per273,출연
m120,per274,출연
m121,per275,출연
m121,per196,출연
m121,per256,출연
m122,per271,출연
m122,per168,출연
m122,per273,출연
m123,per140,출연
m123,per203,출연
m123,per4,출연
m123,per35,출연
m124,per276,출연
m124,per274,출연
m124,per277,출연
m125,per278,출연
m125,per279,출연
m125,per280,출연
m125,per71,출연
m126,per90,출연
m126,per281,출연
m126,per282,출연
m126,per283,출연
m127,per284,출연
m127,per285,출연
m128,per102,출연
m128,per163,출연
m129,per286,출연
m129,per287,출연
m129,per288,출연
m130,per1,출연
m130,per260,출연
m131,per16,출연
m131,per289,출연
m132,per290,출연
m132,per291,출연
m133,per292,출연
m133,per293,출연
m133,per47,출연
m134,per68,출연
m134,per165,출연
m134,per294,출연
m134,per295,출연
m135,per130,출연
m135,per67,출연
m135,per296,출연
m135,per297,출연
m135,per298,출연
m136,per299,출연
m136,per300,출연
m137,per286,출연
m137,per63,출연
m138,per301,출연
m138,per179,출연
m139,per271,출연
m139,per228,출연
m139,per302,출연
m139,per140,출연
m140,per303,출연
m140,per294,출연
m140,per212,출연
m140,per148,출연
m141,per63,출연
m141,per97,출연
m141,per94,출연
m141,per304,출연
m142,per79,출연
m142,per305,출연
m142,per306,출연
m143,per185,출연
m143,per255,출연
m144,per188,출연
m144,per170,출연
m145,per1,출연
m145,per135,출연
m146,per194,출연
m146,per3,출연
m146,per190,출연
m146,per52,출연
m146,per71,출연
m146,per142,출연
m147,per89,출연
m147,per261,출연
m148,per100,출연
m148,per72,출연
m148,per68,출연
m148,per274,출연
m148,per28,출연
m149,per179,출연
m149,per12,출연
m149,per260,출연
m150,per16,출연
m150,per291,출연
m150,per307,출연
m151,per77,출연
m151,per174,출연
m151,per308,출연
m152,per309,출연
m152,per310,출연
m153,per100,출연
m153,per311,출연
m154,per187,출연
m154,per279,출연
m155,per274,출연
m155,per312,출연
m155,per192,출연
m155,per313,출연
m156,per170,출연
m156,per79,출연
m156,per112,출연
m156,per314,출연
m157,per118,출연
m157,per315,출연
m158,per188,출연
m158,per16,출연
m159,per207,출연
m159,per118,출연
m159,per313,출연
m159,per316,출연
m160,per187,출연
m160,per301,출연
m160,per317,출연
m160,per318,출연
m161,per319,출연
m161,per286,출연
m161,per12,출연
m161,per135,출연
m161,per320,출연
m161,per321,출연
m1,e1,개봉
m2,e2,개봉
m3,e3,개봉
m4,e4,개봉
m5,e5,개봉
m6,e6,개봉
m7,e7,개봉
m8,e8,개봉
m9,e9,개봉
m10,e10,개봉
m11,e11,개봉
m12,e12,개봉
m13,e13,개봉
m14,e14,개봉
m15,e15,개봉
m16,e16,개봉
m17,e17,개봉
m18,e18,개봉
m19,e19,개봉
m20,e20,개봉
m21,e21,개봉
m22,e22,개봉
m23,e23,개봉
m24,e24,개봉
m25,e25,개봉
m26,e26,개봉
m27,e27,개봉
m28,e28,개봉
m29,e29,개봉
m30,e30,개봉
m31,e31,개봉
m32,e32,개봉
m33,e33,개봉
m34,e34,개봉
m35,e35,개봉
m36,e36,개봉
m37,e37,개봉
m38,e38,개봉
m39,e39,개봉
m40,e40,개봉
m41,e41,개봉
m42,e42,개봉
m43,e43,개봉
m44,e44,개봉
m45,e45,개봉
m46,e46,개봉
m47,e47,개봉
m48,e48,개봉
m49,e49,개봉
m50,e50,개봉
m51,e51,개봉
m52,e52,개봉
m53,e53,개봉
m54,e54,개봉
m55,e55,개봉
m56,e56,개봉
m57,e57,개봉
m58,e58,개봉
m59,e59,개봉
m60,e60,개봉
m61,e61,개봉
m62,e62,개봉
m63,e63,개봉
m64,e64,개봉
m65,e65,개봉
m66,e66,개봉
m67,e67,개봉
m68,e68,개봉
m69,e69,개봉
m70,e70,개봉
m71,e71,개봉
m72,e72,개봉
m73,e73,개봉
m74,e74,개봉
m75,e75,개봉
m76,e76,개봉
m77,e77,개봉
m78,e78,개봉
m79,e79,개봉
m80,e80,개봉
m81,e81,개봉
m82,e82,개봉
m83,e83,개봉
m84,e84,개봉
m85,e85,개봉
m86,e86,개봉
m87,e87,개봉
m88,e88,개봉
m89,e89,개봉
m90,e90,개봉
m91,e91,개봉
m92,e92,개봉
m93,e93,개봉
m94,e94,개봉
m95,e95,개봉
m96,e96,개봉
m97,e97,개봉
m98,e98,개봉
m99,e99,개봉
m100,e100,개봉
m101,e101,개봉
m102,e102,개봉
m103,e103,개봉
m104,e104,개봉
m105,e105,개봉
m106,e106,개봉
m107,e107,개봉
m108,e108,개봉
m109,e109,개봉
m110,e110,개봉
m111,e111,개봉
m112,e112,개봉
m113,e113,개봉
m114,e114,개봉
m115,e115,개봉
m116,e116,개봉
m117,e117,개봉
m118,e118,개봉
m119,e119,개봉
m120,e120,개봉
m121,e121,개봉
m122,e122,개봉
m123,e123,개봉
m124,e124,개봉
m125,e125,개봉
m126,e126,개봉
m127,e127,개봉
m128,e128,개봉
m129,e129,개봉
m130,e130,개봉
m131,e131,개봉
m132,e132,개봉
m133,e133,개봉
m134,e134,개봉
m135,e135,개봉
m136,e136,개봉
m137,e137,개봉
m138,e138,개봉
m139,e139,개봉
m140,e140,개봉
m141,e141,개봉
m142,e142,개봉
m143,e143,개봉
m144,e144,개봉
m145,e145,개봉
m146,e146,개봉
m147,e147,개봉
m148,e148,개봉
m149,e149,개봉
m150,e150,개봉
m151,e151,개봉
m152,e152,개봉
m153,e153,개봉
m154,e154,개봉
m155,e155,개봉
m156,e156,개봉
m157,e157,개봉
m158,e158,개봉
m159,e159,개봉
m160,e160,개봉
m161,e161,개봉
m162,e162,개봉
