id,label,class
m1,타짜,Movie
m2,마음이...,Movie
m3,가을로,Movie
m4,복면달호,Movie
m5,마강호텔,Movie
m6,수(壽),Movie
m7,뷰티풀 선데이,Movie
m8,우아한 세계,Movie
m9,두 얼굴의 여친,Movie
m10,히어로,Movie
m11,세븐 데이즈,Movie
m12,마을금고 연쇄습격사건,Movie
m13,은하해방전선,Movie
m14,가면,Movie
m15,더 게임,Movie
m16,마지막 선물...귀휴,Movie
m17,마이 뉴 파트너,Movie
m18,님은 먼곳에,Movie
m19,고사: 피의 중간고사,Movie
m20,그 남자의 책 198쪽,Movie
m21,인사동 스캔들,Movie
m22,박쥐,Movie
m23,마더,Movie
m24,해운대,Movie
m25,애자,Movie
m26,내 사랑 내 곁에,Movie
m27,정승필 실종사건,Movie
m28,부산,Movie
m29,굿모닝 프레지던트,Movie
m30,집행자,Movie
m31,전우치,Movie
m32,육혈포 강도단,Movie
m33,도쿄택시,Movie
m34,꿈은 이루어진다,Movie
m35,부당거래,Movie
m36,이파네마 소년,Movie
m37,황해,Movie
m38,마이 블랙 미니드레스,Movie
m39,위험한 상견례,Movie
m40,모비딕,Movie
m41,푸른소금,Movie
m42,카운트다운,Movie
m43,의뢰인,Movie
m44,창피해,Movie
m45,퍼펙트 게임,Movie
m46,마이웨이,Movie
m47,댄싱퀸,Movie
m48,범죄와의 전쟁: 나쁜놈들 전성시대,Movie
m49,시체가 돌아왔다,Movie
m50,코리아,Movie
m51,연가시,Movie
m52,도둑들,Movie
m53,간첩,Movie
m54,점쟁이들,Movie
m55,박수건달,Movie
m56,신세계,Movie
m57,전설의 주먹,Movie
m58,몽타주,Movie
m59,무서운 이야기 2,Movie
m60,깡철이,Movie
m61,소원,Movie
m62,친구 2,Movie
m63,열한시,Movie
m64,집으로 가는 길,Movie
m65,변호인,Movie
m66,용의자,Movie
m67,찌라시: 위험한 소문,Movie
m68,우는 남자,Movie
m69,황제를 위하여,Movie
m70,좋은 친구들,Movie
m71,군도: 민란의 시대,Movie
m72,타짜: 신의 손,Movie
m73,제보자,Movie
m74,레드카펫,Movie
m75,나의 독재자,Movie
m76,국제시장,Movie
m77,기술자들,Movie
m78,쎄시봉,Movie
m79,조선명탐정: 사라진 놉의 딸,Movie
m80,살인의뢰,Movie
m81,악의 연대기,Movie
m82,경성학교: 사라진 소녀들,Movie
m83,마약왕,Movie
m84,성난황소,Movie
m85,암수살인,Movie
m86,공작,Movie
m87,허스토리,Movie
m88,탐정: 리턴즈,Movie
m89,버닝,Movie
m90,당신의 부탁,Movie
m91,바람 바람 바람,Movie
m92,곤지암,Movie
m93,블랙 팬서,Movie
m94,1987,Movie
m95,신과함께-죄와 벌,Movie
m96,강철비,Movie
m97,꾼,Movie
m98,희생부활자,Movie
m99,아이 캔 스피크,Movie
m100,V.I.P. (브이아이피),Movie
m101,택시운전사,Movie
m102,리얼,Movie
m103,불한당: 나쁜 놈들의 세상,Movie
m104,보안관,Movie
m105,보통사람,Movie
m106,루시드 드림,Movie
m107,공조,Movie
m108,더 킹,Movie
m109,"당신, 거기 있어줄래요",Movie
m110,판도라,Movie
m111,미씽: 사라진 여자,Movie
m112,아수라,Movie
m113,부산행,Movie
m114,탐정 홍길동: 사라진 마을,Movie
m115,남과 여,Movie
m116,검사외전,Movie
m117,"로봇, 소리",Movie
m118,그날의 분위기,Movie
m119,내부자들,Movie
m120,성난 변호사,Movie
m121,오피스,Movie
m122,"협녀, 칼의 기억",Movie
m123,베테랑,Movie
m124,쓰리 썸머 나잇,Movie
m125,"연애, 그 참을 수 없는 가벼움",Movie
m126,원탁의 천사,Movie
m127,착신아리 파이널,Movie
m128,강적,Movie
m129,국경의 남쪽,Movie
m130,도마뱀,Movie
m131,파랑주의보,Movie
m132,작업의 정석,Movie
m133,6월의 일기,Movie
m134,강력3반,Movie
m135,가문의 위기,Movie
m136,가발,Movie
m137,박수칠 때 떠나라,Movie
m138,친절한 금자씨,Movie
m139,달콤한 인생,Movie
m140,잠복근무,Movie
m141,우리 형,Movie
m142,슈퍼스타 감사용,Movie
m143,돌려차기,Movie
m144,내 여자친구를 소개합니다,Movie
m145,하류인생,Movie
m146,범죄의 재구성,Movie
m147,홍반장,Movie
m148,실미도,Movie
m149,올드보이,Movie
m150,첫사랑 사수궐기 대회,Movie
m151,와일드 카드,Movie
m152,성냥팔이 소녀의 재림,Movie
m153,오아시스,Movie
m154,오버 더 레인보우,Movie
m155,재밌는 영화,Movie
m156,정글쥬스,Movie
m157,2009 로스트 메모리즈,Movie
m158,엽기적인 그녀,Movie
m159,친구,Movie
m160,선물,Movie
m161,리베라 메,Movie
m162,극비수사,Movie
p1,수영만 요트 경기장 앞,Place
p2,부산 MBC 방송국,Place
p3,부산고등학교,Place
p4,용두산공원,Place
p5,범일동 삼일극장 주변,Place
p6,초량동 산복도로,Place
p7,영도대교,Place
p8,기장군 대변항,Place
p9,자갈치시장,Place
p10,충무동 공동어시장,Place
p11,사직동 양정모 기념체육관,Place
p12,해운대 달맞이 나팔꽃 카페 주변,Place
p13,을숙도 갈대밭,Place
p14,금정산성,Place
p15,부산시청,Place
p16,파라다이스호텔 부산,Place
p17,감천부두,Place
p18,국제시장,Place
p19,다대포해수욕장,Place
p20,태종대유원지,Place
p21,한국해양대학교 주변 바닷가,Place
p22,중앙동 40계단 주변,Place
p23,동아대 부민캠퍼스,Place
p24,감천항 부두,Place
p25,중앙U병원,Place
p26,사상구청,Place
p27,사상경찰서,Place
p28,BIFF거리(남포동),Place
p29,부산대학교 앞 번화가,Place
p30,롯데백화점 부산본점 일대,Place
p31,매축지마을(좌천동),Place
p32,문현지하도,Place
p33,범내골역 주변,Place
p34,가야고가로,Place
p35,광안대교,Place
p36,녹산공단,Place
p37,달맞이길,Place
p38,부산환경공단 본부,Place
p39,송도해수욕장,Place
p40,을숙도생태공원,Place
p41,서면 롯데호텔 앞,Place
p42,부산항,Place
p43,자갈치 시장,Place
p44,부산공동어시장,Place
p45,동래고등학교,Place
p46,구덕체육관,Place
p47,영도 절영 해안도로,Place
p48,해운대 그랜드 호텔,Place
p49,경성대 앞 번화가,Place
p50,장전지하철역,Place
p51,초량동 상해거리,Place
p52,해운대 탑마트,Place
p53,기장군 임랑철길,Place
p54,범일동 삼일극장,Place
p55,임시수도 기념관,Place
p56,경남상고(현 부경보건고),Place
p57,부산기계공고,Place
p58,남부경찰서,Place
p59,강서경찰서,Place
p60,기장체육관,Place
p61,동구 좌천동 동아제분,Place
p62,감천고개,Place
p63,구덕 운동장,Place
p64,기장 임랑해수욕장,Place
p65,기장 장안고등학교,Place
p66,부산전자공고,Place
p67,부산공고 앞,Place
p68,경성대학교,Place
p69,영도 STX조선소,Place
p70,크라운 호텔,Place
p71,메리놀병원,Place
p72,부산은행 광안동금융센터,Place
p73,그랜드 호텔,Place
p74,부산의료원,Place
p75,남천성당,Place
p76,민락동 씨랜드 주변,Place
p77,부산항 제5부두,Place
p78,감전동 HITE 주류창고,Place
p79,기장 마레 레스토랑,Place
p80,부산광역시의회,Place
p81,초량보훈회관,Place
p82,기장 장안파출소,Place
p83,장전 지하철역,Place
p84,좋은강안병원,Place
p85,부산교육대학교,Place
p86,부산대 지하철역,Place
p87,문현동 금융단지 일대,Place
p88,부산항 연안여객터미널,Place
p89,다대포 앞바다,Place
p90,청사포 철길,Place
p91,부산보훈병원,Place
p92,해운대해수욕장,Place
p93,맥도날드 두실점,Place
p94,코모도호텔,Place
p95,범어사,Place
p96,해운대 암소갈비집,Place
p97,부산배화학교,Place
p98,대일창고(봉래동),Place
p99,북항 5부두(양곡부두),Place
p100,석대사거리,Place
p101,경남정보대학교,Place
p102,경성대학교 번화가,Place
p103,센텀시티,Place
p104,연제경찰서,Place
p105,창선치안센터,Place
p106,광복로 패션거리,Place
p107,사상역,Place
p108,민락씨랜드회센타,Place
p109,반여농산물도매시장,Place
p110,산복도로(수정동),Place
p111,해운대역(2호선),Place
p112,고신대학교 복음병원,Place
p113,롯데호텔부산,Place
p114,부산보훈병원(주례동),Place
p115,해운대시외버스정류소,Place
p116,황령산 봉수대,Place
p117,구) 부산진역,Place
p118,남항방파제,Place
p119,노포역(1호선),Place
p120,벡스코,Place
p121,봉래초등학교 부근 육교,Place
p122,부산역(기차),Place
p123,부산영화촬영스튜디오,Place
p124,센텀시티,Place
p125,아르피나 유스호스텔(우동),Place
p126,영도구청,Place
p127,을숙도생태공원,Place
p128,초원아파트(초량동),Place
p129,한국해양수산연수원 용당캠퍼스,Place
p130,문현금융단지,Place
p131,온정마을(안락),Place
p132,KT 부산정보통신센터(범일동),Place
p133,[폐업] 서라벌 호텔(대청동),Place
p134,부산여자대학교 다도관,Place
p135,송월타월 신평공장,Place
p136,코모도호텔(영주동),Place
p137,호텔농심,Place
p138,강서경찰서,Place
p139,구) 충무시설,Place
p140,부산등대공원,Place
p141,사하경찰서,Place
p142,[철거] 구덕야구장,Place
p143,[철거] 해운대 그랜드호텔,Place
p144,[폐업] 다대물산,Place
p145,[폐업] 챔피언나이트 클럽(부전동),Place
p146,감천항,Place
p147,네오스포 주차장,Place
p148,동대신3동 주택가,Place
p149,동래역(1호선),Place
p150,민주공원,Place
p151,범일6동 주택가,Place
p152,서대신1동 주택가,Place
p153,수정1동 주택가,Place
p154,수정4동 주택가,Place
p155,아미동 주택가,Place
p156,연산재건아파트,Place
p157,이기대공원로,Place
p158,좌천동 주택가,Place
p159,중앙대로(부전동),Place
p160,중앙대청공원,Place
p161,진양사거리 부근 육교,Place
p162,칠암마을(일광),Place
p163,크라운하버호텔 부산(중앙동),Place
p164,KNN,Place
p165,[폐업] 뉴델릴피피 나이트클럽(학장동),Place
p166,북부경찰서,Place
p167,장산역교차로,Place
p168,화명동 번화가,Place
p169,[폐업] 정관파출소,Place
p170,생곡지구대,Place
p171,금정경찰서,Place
p172,김해국제공항 국제선,Place
p173,동아대학교 승학캠퍼스,Place
p174,부산시어린이대공원,Place
p175,문현1동 주택가,Place
p176,국제시장,Place
p177,만덕고개,Place
p178,오륙도유람선선착장,Place
p179,황령산,Place
p180,[철거] 자성대고가도로,Place
p181,금정산,Place
p182,부산고등법원,Place
p183,서구청,Place
p184,[폐업] 나비호텔(송정),Place
p185,구) 해운대역(기차),Place
p186,동백섬,Place
p187,마린시티,Place
p188,미포방파제 인근 주택가,Place
p189,송정해수욕장,Place
p190,해운대해수욕장,Place
p191,광안대교,Place
p192,구포대교,Place
p193,대동사거리,Place
p194,동서고가로,Place
p195,부산디자인진흥원,Place
p196,좌1동 행정복지센터,Place
p197,해운대구청,Place
p198,부산시 연변생선창,Place
p199,[철거] 구) 부산영상위원회 사무실,Place
p200,[폐업] 고구려 룸사롱(우동),Place
p201,구) 부산영상벤처센터,Place
p202,부산서부시외버스터미널,Place
p203,부산성모병원(용호동),Place
p204,중구청,Place
p205,중앙동 주택가,Place
p206,초량 차이나타운,Place
p207,해운대초등학교,Place
p208,감천2동 주택가,Place
p209,감천항 동방파제,Place
p210,남부환경체육공원,Place
p211,누리마루 APEC하우스,Place
p212,동아대학교병원,Place
p213,미포방파제 부근 주택가,Place
p214,부산아시아드주경기장,Place
p215,부산시 시민수영장,Place
p216,부산환경공단 본부,Place
p217,사직야구장,Place
p218,수영만요트경기장,Place
p219,온천천 산책로(장전역),Place
p220,중부경찰서,Place
p221,한국해양대학교,Place
p222,다대부두,Place
p223,구) 해사고등학교,Place
p224,기장군청,Place
p225,아시아드나이트클럽(온천동),Place
p226,[폐업] 다께 일식집(좌동),Place
p227,동아대학교 부민캠퍼스,Place
p228,수영구청,Place
p229,전포2동 주택가,Place
p230,[폐업] 대도불고기,Place
p231,[폐업] 동래별장 한식점(온천점),Place
p232,[철거] 만덕동네적십자봉사회(문현동),Place
p233,구) 삼익스포츠센터,Place
p234,미포횟집,Place
p235,부산소방항공대,Place
p236,서부리근대가옥(기장읍 구 이종만 가옥),Place
p237,이기대공원,Place
p238,팔레드시즈(중동),Place
p239,해운대경찰서,Place
p240,해운대전통시장,Place
p241,해운대종합관광봉사센터,Place
p242,APEC로,Place
p243,개금1동 주택가,Place
p244,대번창,Place
p245,부산컴퓨터과학고등학교,Place
p246,용두산공원,Place
p247,청사포,Place
p248,[철거] 전수연병원,Place
p249,[폐업] 서면마리프호텔,Place
p250,삼신전문장례식장,Place
p251,진구청,Place
p252,[폐업] 해운대신타운극장(중동),Place
p253,부산시청자미디어센터,Place
p254,부산지방경찰청,Place
p255,동서대학교,Place
p256,민락수변공원,Place
p257,범일2동 주택가,Place
p258,부산사운드스테이션,Place
p259,부산시립미술관,Place
p260,북항 감만부두,Place
p261,삼락생태공원,Place
p262,선두구동 주택가,Place
p263,우1동 주택가,Place
p264,좌2동 주택가,Place
p265,다대포해수욕장,Place
p266,양산부산대학교병원,Place
p267,[폐업] 폭시클럽(부전동),Place
p268,부산기계공업고등학교,Place
p269,부전1동 주택가,Place
p270,부산환경공단 문현,Place
p271,해운대 롯데아울렛,Place
p272,감전2동 주택가,Place
p273,대영교통 택시회사(청학동),Place
p274,부산항만공사,Place
p275,구) 충무시설,Place
p276,부산환경공단 수영하수처리장,Place
p277,해운대 센텀시티 일대,Place
p278,광안1동 주택가,Place
p279,광안리해수욕장,Place
p280,금련산청소년수련원,Place
p281,삼성서핑클럽(남천),Place
p282,송정해수욕장,Place
p283,연화리(기장),Place
p284,임랑해수욕장,Place
p285,부산항 3부두,Place
p286,연제구 과정사거리,Place
p287,구서역 인근 굴다리,Place
p288,해운대센텀호텔,Place
p289,[폐업] 대도컨벤션홀(개금동),Place
p290,국제시장,Place
p291,대도분식(가야동),Place
p292,송도비치관광호텔,Place
p293,송도해수욕장,Place
p294,교토일식,Place
p295,경복커피숍(남포동),Place
p296,광안대교,Place
p297,해운대 동백섬 및 누리마루 APEC 하우스 일대,Place
p298,광안시장,Place
p299,롯데백화점 광복점,Place
p300,경남고등학교,Place
p301,동궁 중화요리(중앙동),Place
p302,[철거] 국제관광호텔,Place
p303,사직종합운동장 실내체육관,Place
p304,부산소방재난본부,Place
p305,부산데파트,Place
p306,40계단(중앙동),Place
p307,센텀사이언스파크,Place
p308,롯데호텔부산,Place
p309,부산역,Place
p310,부산국제수산물도매시장,Place
p311,감전항,Place
p312,송도해수욕장,Place
p313,보수동 책방골목,Place
p314,동래시장,Place
p315,동남권원자력의학원,Place
p316,광안대교,Place
p317,구 해사고등학교,Place
p318,아홉산숲,Place
p319,다대씨파크 활어회센터,Place
p320,영화의전당,Place
p321,매축지마을(범일동),Place
p322,국제시장,Place
p323,구제골목(신창동),Place
p324,40계단 문화관광테마거리,Place
p325,40계단거리,Place
p326,우동 마린시티,Place
p327,대연5동 주택가,Place
p328,오륙도,Place
p329,구 부산외국어대학교 우암캠퍼스,Place
p330,부산대학교,Place
p331,외양포 일본군포진지(가덕도),Place
p332,해운대해수욕장,Place
p333,해운대시장,Place
p334,감천문화마을,Place
p335,강서경찰서,Place
p336,기장,Place
p337,김해국제공항,Place
p338,누리마루 APEC하우스,Place
p339,달맞이길,Place
p340,동서대학교,Place
p341,송림공원,Place
p342,수영만요트경기장,Place
p343,오륙도유람선선착장,Place
p344,이기대공원,Place
p345,중리해변,Place
p346,해운대,Place
p347,동래소방서,Place
p348,부산국제수산물도매시장,Place
p349,부산시청,Place
p350,부산환경공단,Place
p351,부산항 신선대부두,Place
p352,아홉산숲,Place
p353,감만동,Place
p354,중앙동,Place
p355,부산영화촬영스튜디오,Place
p356,부산전문장례식장,Place
p357,센텀IS타워,Place
p358,부전동,Place
p359,장안읍,Place
p360,장안제일고등학교,Place
p361,부산영락공원,Place
p362,동남권원자력의학원,Place
p363,부산광역시의회,Place
p364,부산항,Place
p365,연제경찰서,Place
p366,광안리해수욕장,Place
p367,동백섬,Place
p368,청사포,Place
p369,구포대교,Place
p370,금강공원,Place
p371,동광동,Place
p372,부산철도차량정비단,Place
p373,부산동인고등학교,Place
p374,부산역,Place
p375,사직종합운동장,Place
p376,센텀사이언스파크,Place
p377,정관신도시,Place
p378,초량동,Place
p379,코모도호텔,Place
p380,해동용궁사,Place
p381,금련산청소년수련원,Place
p382,문현금융로,Place
p383,사상구청,Place
p384,중동,Place
p385,기장 도예촌,Place
p386,부전역,Place
p387,개금동,Place
p388,신평동,Place
p389,대동병원,Place
p390,부산고등법원,Place
p391,영주시장,Place
p392,장림동,Place
p393,천안사,Place
p394,가덕도,Place
p395,부산소방재난본부,Place
p396,부산진구청,Place
p397,장산역,Place
p398,재송동,Place
p399,광안리,Place
p400,영화의거리,Place
p401,미포,Place
p402,송정해수욕장,Place
p403,신선대,Place
p404,낙동강하구에코센터,Place
p405,동주대학교,Place
p406,롯데호텔 부산,Place
p407,망미동,Place
p408,부산백병원,Place
p409,영도경찰서,Place
p410,일광천,Place
p411,춘해병원,Place
p412,화국반점,Place
p413,KBS 부산,Place
p414,임랑,Place
p415,경일고등학교,Place
p416,기장군청,Place
p417,노티스 카페,Place
p418,동명대학교,Place
p419,광안동,Place
p420,롯데백화점 센텀시티점,Place
p421,금사동,Place
p422,북부경찰서,Place
p423,해운대문화회관,Place
p424,온천동,Place
p425,가야동,Place
p426,동아대학교,Place
p427,좌천동,Place
p428,황령산,Place
p429,기장시장,Place
p430,대변항,Place
p431,좌동,Place
p432,가덕해양파크휴게소,Place
p433,수정동,Place
p434,동래,Place
p435,다대동,Place
p436,남부민방파제,Place
p437,부산공동어시장,Place
p438,부산사운드스테이션,Place
p439,영도대교,Place
p440,온천천,Place
p441,해운대부민병원,Place
p442,차이나타운,Place
p443,부산보훈병원,Place
p444,센텀시티,Place
p445,고신대학교 복음병원,Place
p446,금정경찰서,Place
p447,대동화명대교,Place
p448,민락동,Place
p449,부산관광공사,Place
p450,서부산유통산업단지,Place
p451,선동,Place
p452,연산동,Place
p453,유엔평화기념관,Place
p454,경성대학교,Place
p455,국민시장,Place
p456,남광시장,Place
p457,대연동,Place
p458,부산영어도서관,Place
p459,평화공원,Place
p460,해운대구청,Place
p461,반여동,Place
p462,부산지방검찰청,Place
p463,부암동,Place
p464,명지국제신도시,Place
p465,KNN,Place
p466,명지동,Place
p467,기장소방서,Place
p468,문화공감수정,Place
p469,사상,Place
p470,해운정사,Place
p471,광안대교,Place
p472,남항동,Place
p473,동삼동,Place
p474,자갈치시장,Place
p475,암남동,Place
p476,우동,Place
p477,맥도생태공원,Place
p478,보수동,Place
p479,전포동,Place
p480,해광사,Place
p481,임랑해수욕장,Place
p482,운송중학교,Place
p483,좋은강안병원,Place
p484,안락동,Place
p485,화명고가교,Place
p486,부산항대교,Place
p487,용호동,Place
p488,영도구청,Place
p489,흰여울문화마을,Place
p490,부산지방경찰청/검찰청,Place
p491,생곡동,Place
p492,금정산,Place
p493,동부경찰서,Place
p494,마린시티,Place
p495,수영동,Place
p496,미포 철길,Place
p497,범천동,Place
p498,서구청,Place
p499,제1만덕터널,Place
p500,호텔농심,Place
p501,범일동,Place
p502,동대신동,Place
p503,구포동,Place
p504,금정산성,Place
p505,다이아몬드베이,Place
p506,동의대학교,Place
p507,영도,Place
p508,서면중앙시장,Place
p509,대평동,Place
per1,조승우,Person
per2,김혜수,Person
per3,백윤식,Person
per4,유해진,Person
per5,김윤석,Person
per6,이수경,Person
per7,유승호,Person
per8,김향기,Person
per9,달이(견),Person
per10,안길강,Person
per11,정민아,Person
per12,유지태,Person
per13,김지수,Person
per14,엄지원,Person
per15,최종원,Person
per16,차태현,Person
per17,임채무,Person
per18,이소연,Person
per19,박영규,Person
per20,김석훈,Person
per21,김성화,Person
per22,우현,Person
per23,조상구,Person
per24,박희진,Person
per25,지진희,Person
per26,문성근,Person
per27,이기영,Person
per28,강성진,Person
per29,조경환,Person
per30,박용우,Person
per31,남궁민,Person
per32,민지혜,Person
per33,김동건,Person
per34,송강호,Person
per35,오달수,Person
per36,박지영,Person
per37,윤제문,Person
per38,최일화,Person
per39,봉태규,Person
per40,정려원,Person
per41,이혜은,Person
per42,신구,Person
per43,기무라 타쿠야,Person
per44,마츠 타카코,Person
per45,이병헌(특별출연),Person
per46,오타케 시노부,Person
per47,김윤진,Person
per48,박희순,Person
per49,김미숙,Person
per50,최무성,Person
per51,장항선,Person
per52,이문식,Person
per53,박효주,Person
per54,정경호,Person
per55,임지규,Person
per56,박혁권,Person
per57,서영주,Person
per58,김보경,Person
per59,김강우,Person
per60,김민선,Person
per61,김성령,Person
per62,변희봉,Person
per63,신하균,Person
per64,손현주,Person
per65,이혜영,Person
per66,이은성,Person
per67,신현준,Person
per68,허준호,Person
per69,조수민,Person
per70,권오중,Person
per71,김상호,Person
per72,안성기,Person
per73,조한선,Person
per74,정석용,Person
per75,조진웅,Person
per76,수애,Person
per77,정진영,Person
per78,엄태웅,Person
per79,이범수,Person
per80,윤정희,Person
per81,남규리,Person
per82,김범,Person
per83,손여은,Person
per84,이동욱,Person
per85,유진,Person
per86,기태영,Person
per87,조은지,Person
per88,김래원,Person
per89,엄정화,Person
per90,임하룡,Person
per91,홍수현,Person
per92,김정태,Person
per93,김옥빈,Person
per94,김해숙,Person
per95,박인환,Person
per96,김혜자,Person
per97,원빈,Person
per98,진구,Person
per99,전미선,Person
per100,설경구,Person
per101,하지원,Person
per102,박중훈,Person
per103,이민기,Person
per104,강예원,Person
per105,김인권,Person
per106,최강희,Person
per107,김영애,Person
per108,배수빈,Person
per109,김명민,Person
per110,남능미,Person
per111,가인,Person
per112,손창민,Person
per113,김뢰하,Person
per114,이한위,Person
per115,김영호,Person
per116,고창석,Person
per117,순재,Person
per118,장동건,Person
per119,고두심,Person
per120,한채영,Person
per121,조재현,Person
per122,윤계상,Person
per123,차수연,Person
per124,조희봉,Person
per125,강동원,Person
per126,임수정,Person
per127,송영창,Person
per128,주진모,Person
per129,나문희,Person
per130,김수미,Person
per131,김혜옥,Person
per132,임창정,Person
per133,야마자키 하지메,Person
per134,장친펑,Person
per135,김규리,Person
per136,아베 요시시게,Person
per137,이성재,Person
per138,최상학,Person
per139,이선호,Person
per140,황정민,Person
per141,류승범,Person
per142,천호진,Person
per143,마동석,Person
per144,우정국,Person
per145,이수혁,Person
per146,김민지,Person
per147,천둥,Person
per148,하정우,Person
per149,조성하,Person
per150,이철민,Person
per151,윤은혜,Person
per152,박한별,Person
per153,차예련,Person
per154,유인나,Person
per155,이용우,Person
per156,송새벽,Person
per157,이시영,Person
per158,김응수,Person
per159,박철민,Person
per160,김민희,Person
per161,상중,Person
per162,신세경,Person
per163,천정명,Person
per164,이종혁,Person
per165,김민준,Person
per166,윤여정,Person
per167,정재영,Person
per168,전도연,Person
per169,이경영,Person
per170,장혁,Person
per171,김효진,Person
per172,김꽃비,Person
per173,김상현,Person
per174,양동근,Person
per175,최정원,Person
per176,오다기리 조,Person
per177,판빙빙,Person
per178,정성화,Person
per179,최민식,Person
per180,곽도원,Person
per181,배두나,Person
per182,한예리,Person
per183,최윤영,Person
per184,문정희,Person
per185,김동완,Person
per186,이하늬,Person
per187,이정재,Person
per188,전지현,Person
per189,임달화,Person
per190,염정아,Person
per191,정겨운,Person
per192,김수로,Person
per193,이제훈,Person
per194,박신양,Person
per195,정혜영,Person
per196,박성웅,Person
per197,유준상,Person
per198,이요원,Person
per199,김상경,Person
per200,성준,Person
per201,백진희,Person
per202,김슬기,Person
per203,유아인,Person
per204,정유미,Person
per205,김성오,Person
per206,이레,Person
per207,유오성,Person
per208,김우빈,Person
per209,최다니엘,Person
per210,고수,Person
per211,임시완,Person
per212,공유,Person
per213,유다인,Person
per214,희원,Person
per215,이태임,Person
per216,지성,Person
per217,주지훈,Person
per218,이광수,Person
per219,이성민,Person
per220,최승현,Person
per221,박해일,Person
per222,유연석,Person
per223,박원상,Person
per224,고준희,Person
per225,오정세,Person
per226,조달환,Person
per227,이병준,Person
per228,김영철,Person
per229,이현우,Person
per230,정우,Person
per231,한효주,Person
per232,김희애,Person
per233,강하늘,Person
per234,이연희,Person
per235,김성균,Person
per236,박서준,Person
per237,박보영,Person
per238,박소담,Person
per239,조정석,Person
per240,송지효,Person
per241,권상우,Person
per242,성동일,Person
per243,스티븐 연,Person
per244,전종서,Person
per245,윤찬영,Person
per246,이엘,Person
per247,위하준,Person
per248,박지현,Person
per249,오아연,Person
per250,채드윅 보스만,Person
per251,마이클 B. 조던,Person
per252,루피타 뇽오,Person
per253,김태리,Person
per254,정우성,Person
per255,현빈,Person
per256,배성우,Person
per257,이종석,Person
per258,토마스 크레취만,Person
per259,김수현,Person
per260,강혜정,Person
per261,김주혁,Person
per262,조인성,Person
per263,류준열,Person
per264,변요한,Person
per265,채서진,Person
per266,김남길,Person
per267,김주현,Person
per268,공효진,Person
per269,이희준,Person
per270,문채원,Person
per271,이병헌,Person
per272,이선균,Person
per273,김고은,Person
per274,임원희,Person
per275,고아성,Person
per276,김동욱,Person
per277,손호준,Person
per278,김승우,Person
per279,장진영,Person
per280,선우용여,Person
per281,이민우,Person
per282,하하,Person
per283,김상중,Person
per284,구로키 메이사,Person
per285,장근석,Person
per286,차승원,Person
per287,조이진,Person
per288,심혜진,Person
per289,송혜교,Person
per290,송일국,Person
per291,손예진,Person
per292,신은경,Person
per293,문정혁,Person
per294,남상미,Person
per295,윤태영,Person
per296,김원희,Person
per297,탁재훈,Person
per298,임형준,Person
per299,채민서,Person
per300,유선,Person
per301,이영애,Person
per302,신민아,Person
per303,김선아,Person
per304,이보영,Person
per305,윤진서,Person
per306,류승수,Person
per307,유동근,Person
per308,기주봉,Person
per309,김현성,Person
per310,임은경,Person
per311,문소리,Person
per312,김정은,Person
per313,서태화,Person
per314,한은정,Person
per315,나카무라 토오루,Person
per316,정운택,Person
per317,공형진,Person
per318,권해효,Person
per319,최민수,Person
per320,박상면,Person
per321,정준,Person
e1,타짜 개봉,Event
e2,마음이... 개봉,Event
e3,가을로 개봉,Event
e4,복면달호 개봉,Event
e5,마강호텔 개봉,Event
e6,수(壽) 개봉,Event
e7,뷰티풀 선데이 개봉,Event
e8,우아한 세계 개봉,Event
e9,두 얼굴의 여친 개봉,Event
e10,히어로 개봉,Event
e11,세븐 데이즈 개봉,Event
e12,마을금고 연쇄습격사건 개봉,Event
e13,은하해방전선 개봉,Event
e14,가면 개봉,Event
e15,더 게임 개봉,Event
e16,마지막 선물...귀휴 개봉,Event
e17,마이 뉴 파트너 개봉,Event
e18,님은 먼곳에 개봉,Event
e19,고사: 피의 중간고사 개봉,Event
e20,그 남자의 책 198쪽 개봉,Event
e21,인사동 스캔들 개봉,Event
e22,박쥐 개봉,Event
e23,마더 개봉,Event
e24,해운대 개봉,Event
e25,애자 개봉,Event
e26,내 사랑 내 곁에 개봉,Event
e27,정승필 실종사건 개봉,Event
e28,부산 개봉,Event
e29,굿모닝 프레지던트 개봉,Event
e30,집행자 개봉,Event
e31,전우치 개봉,Event
e32,육혈포 강도단 개봉,Event
e33,도쿄택시 개봉,Event
e34,꿈은 이루어진다 개봉,Event
e35,부당거래 개봉,Event
e36,이파네마 소년 개봉,Event
e37,황해 개봉,Event
e38,마이 블랙 미니드레스 개봉,Event
e39,위험한 상견례 개봉,Event
e40,모비딕 개봉,Event
e41,푸른소금 개봉,Event
e42,카운트다운 개봉,Event
e43,의뢰인 개봉,Event
e44,창피해 개봉,Event
e45,퍼펙트 게임 개봉,Event
e46,마이웨이 개봉,Event
e47,댄싱퀸 개봉,Event
e48,범죄와의 전쟁: 나쁜놈들 전성시대 개봉,Event
e49,시체가 돌아왔다 개봉,Event
e50,코리아 개봉,Event
e51,연가시 개봉,Event
e52,도둑들 개봉,Event
e53,간첩 개봉,Event
e54,점쟁이들 개봉,Event
e55,박수건달 개봉,Event
e56,신세계 개봉,Event
e57,전설의 주먹 개봉,Event
e58,몽타주 개봉,Event
e59,무서운 이야기 2 개봉,Event
e60,깡철이 개봉,Event
e61,소원 개봉,Event
e62,친구 2 개봉,Event
e63,열한시 개봉,Event
e64,집으로 가는 길 개봉,Event
e65,변호인 개봉,Event
e66,용의자 개봉,Event
e67,찌라시: 위험한 소문 개봉,Event
e68,우는 남자 개봉,Event
e69,황제를 위하여 개봉,Event
e70,좋은 친구들 개봉,Event
e71,군도: 민란의 시대 개봉,Event
e72,타짜: 신의 손 개봉,Event
e73,제보자 개봉,Event
e74,레드카펫 개봉,Event
e75,나의 독재자 개봉,Event
e76,국제시장 개봉,Event
e77,기술자들 개봉,Event
e78,쎄시봉 개봉,Event
e79,조선명탐정: 사라진 놉의 딸 개봉,Event
e80,살인의뢰 개봉,Event
e81,악의 연대기 개봉,Event
e82,경성학교: 사라진 소녀들 개봉,Event
e83,마약왕 개봉,Event
e84,성난황소 개봉,Event
e85,암수살인 개봉,Event
e86,공작 개봉,Event
e87,허스토리 개봉,Event
e88,탐정: 리턴즈 개봉,Event
e89,버닝 개봉,Event
e90,당신의 부탁 개봉,Event
e91,바람 바람 바람 개봉,Event
e92,곤지암 개봉,Event
e93,블랙 팬서 개봉,Event
e94,1987 개봉,Event
e95,신과함께-죄와 벌 개봉,Event
e96,강철비 개봉,Event
e97,꾼 개봉,Event
e98,희생부활자 개봉,Event
e99,아이 캔 스피크 개봉,Event
e100,V.I.P. (브이아이피) 개봉,Event
e101,택시운전사 개봉,Event
e102,리얼 개봉,Event
e103,불한당: 나쁜 놈들의 세상 개봉,Event
e104,보안관 개봉,Event
e105,보통사람 개봉,Event
e106,루시드 드림 개봉,Event
e107,공조 개봉,Event
e108,더 킹 개봉,Event
e109,"당신, 거기 있어줄래요 개봉",Event
e110,판도라 개봉,Event
e111,미씽: 사라진 여자 개봉,Event
e112,아수라 개봉,Event
e113,부산행 개봉,Event
e114,탐정 홍길동: 사라진 마을 개봉,Event
e115,남과 여 개봉,Event
e116,검사외전 개봉,Event
e117,"로봇, 소리 개봉",Event
e118,그날의 분위기 개봉,Event
e119,내부자들 개봉,Event
e120,성난 변호사 개봉,Event
e121,오피스 개봉,Event
e122,"협녀, 칼의 기억 개봉",Event
e123,베테랑 개봉,Event
e124,쓰리 썸머 나잇 개봉,Event
e125,"연애, 그 참을 수 없는 가벼움 개봉",Event
e126,원탁의 천사 개봉,Event
e127,착신아리 파이널 개봉,Event
e128,강적 개봉,Event
e129,국경의 남쪽 개봉,Event
e130,도마뱀 개봉,Event
e131,파랑주의보 개봉,Event
e132,작업의 정석 개봉,Event
e133,6월의 일기 개봉,Event
e134,강력3반 개봉,Event
e135,가문의 위기 개봉,Event
e136,가발 개봉,Event
e137,박수칠 때 떠나라 개봉,Event
e138,친절한 금자씨 개봉,Event
e139,달콤한 인생 개봉,Event
e140,잠복근무 개봉,Event
e141,우리 형 개봉,Event
e142,슈퍼스타 감사용 개봉,Event
e143,돌려차기 개봉,Event
e144,내 여자친구를 소개합니다 개봉,Event
e145,하류인생 개봉,Event
e146,범죄의 재구성 개봉,Event
e147,홍반장 개봉,Event
e148,실미도 개봉,Event
e149,올드보이 개봉,Event
e150,첫사랑 사수궐기 대회 개봉,Event
e151,와일드 카드 개봉,Event
e152,성냥팔이 소녀의 재림 개봉,Event
e153,오아시스 개봉,Event
e154,오버 더 레인보우 개봉,Event
e155,재밌는 영화 개봉,Event
e156,정글쥬스 개봉,Event
e157,2009 로스트 메모리즈 개봉,Event
e158,엽기적인 그녀 개봉,Event
e159,친구 개봉,Event
e160,선물 개봉,Event
e161,리베라 메 개봉,Event
e162,극비수사 개봉,Event
